"Page Title","Digital Marketing Company in Koramangala Bangalore Karnataka India"
"Meta Description",
"Meta Keywords","Not found"
"Canonical Link","Not found"
"OG Title","digital adworks"
"OG Description","Not found"
Heading,"h1: Transparent Digital Marketing Services"
Heading,"h2: Best Digital Marketing Agency in Bangalore India"
Heading,"h2: Logo & Branding"
Heading,"h2: Web Developent"
Heading,"h2: SEO Services"
Heading,"h2: Influencer Marketing"
Heading,"h2: Google Ads"
Heading,"h2: Meta Ads"
Heading,"h2: Social Media Posting"
Heading,"h2: Whatsapp Marketing"
Heading,"h2: Reason For Choosing Our Digital Agency"
Heading,"h2: 1000+"
Heading,"h2: 680+"
Heading,"h2: 50+"
Heading,"h2: Grow Your Business Now"
Heading,"h2: What Our Client Say"
Heading,"h2: K Bibi"
Heading,"h2: LBO Apparel"
Heading,"h2: Jonathan"
Heading,"h2: Olga Greb"
Heading,"h2: Jeremy"
Heading,"h2: Tom Parling"
Heading,"h2: Richard"
Heading,"h2: TOTOODO"
Heading,"h2: We love to discuss & Come up with ideas to Evolve."
Heading,"h2: About Us"
Heading,"h2: Our Services "
Heading,"h2: Contact Us"
Heading,"h3: <img src=""img/icons/title-icon.svg"" alt=""Digital marketing agency, Best digital marketing, Digital marketing services, SEO Services, Digital Strategy Consulting, Conversion Rate Optimization (CRO), E-commerce Marketing, Online Marketing Services, Content Marketing Agency, Search Engine Optimization, Online Reputation Repair, Pay-Per-Click Advertising, Digital Marketing Agency Bangalore, Digital marketing services company, Bangalore Digital Marketing, Best Digital Marketing Agency in Bangalore, Digital marketing services near me, digital marketing services provider, digital marketing services for small business""> About Digital Adworks"
Heading,"h3: <img src=""img/icons/title-icon-infinity.svg"" alt=""Digital marketing agency, Best digital marketing, Digital marketing services, SEO Services, Digital Strategy Consulting, Conversion Rate Optimization (CRO), E-commerce Marketing, Online Marketing Services, Content Marketing Agency, Search Engine Optimization, Online Reputation Repair, Pay-Per-Click Advertising, Digital Marketing Agency Bangalore, Digital marketing services company, Bangalore Digital Marketing, Best Digital Marketing Agency in Bangalore, Digital marketing services near me, digital marketing services provider, digital marketing services for small business"">Why Choose Us"
Heading,"h3: <img src=""img/icons/title-icon-infinity.svg"" alt=""Digital marketing agency, Best digital marketing, Digital marketing services, SEO Services, Digital Strategy Consulting, Conversion Rate Optimization (CRO), E-commerce Marketing, Online Marketing Services, Content Marketing Agency, Search Engine Optimization, Online Reputation Repair, Pay-Per-Click Advertising, Digital Marketing Agency Bangalore, Digital marketing services company, Bangalore Digital Marketing, Best Digital Marketing Agency in Bangalore, Digital marketing services near me, digital marketing services provider, digital marketing services for small business"">Book an Appointment"
Heading,"h3: <img src=""img/icons/title-icon-infinity.svg"" alt=""Digital marketing agency, Best digital marketing, Digital marketing services, SEO Services, Digital Strategy Consulting, Conversion Rate Optimization (CRO), E-commerce Marketing, Online Marketing Services, Content Marketing Agency, Search Engine Optimization, Online Reputation Repair, Pay-Per-Click Advertising, Digital Marketing Agency Bangalore, Digital marketing services company, Bangalore Digital Marketing, Best Digital Marketing Agency in Bangalore, Digital marketing services near me, digital marketing services provider, digital marketing services for small business"">Testimonial"
Heading,"h3: <img src=""img/icons/title-icon-infinity.svg"" alt=""Digital marketing agency, Best digital marketing, Digital marketing services, SEO Services, Digital Strategy Consulting, Conversion Rate Optimization (CRO), E-commerce Marketing, Online Marketing Services, Content Marketing Agency, Search Engine Optimization, Online Reputation Repair, Pay-Per-Click Advertising, Digital Marketing Agency Bangalore, Digital marketing services company, Bangalore Digital Marketing, Best Digital Marketing Agency in Bangalore, Digital marketing services near me, digital marketing services provider, digital marketing services for small business""> We Are Here"
Heading,"h5: Your Trusted Digital Marketing Agency"
Image,"https://digitaladworks.com/../img/logo.png - Digital Marketing Agency in bangalore, SEO Company in bangalore, Branding agency in Bangalore"
Image,"https://digitaladworks.com/../img/logo.png - image"
Image,"https://digitaladworks.com/da-img/google-partner-agency-in-bangalore.png - Digital marketing agency, Best digital marketing, Digital marketing services, SEO Services, Digital Strategy Consulting, Conversion Rate Optimization (CRO), E-commerce Marketing, Online Marketing Services, Content Marketing Agency, Search Engine Optimization, Online Reputation Repair, Pay-Per-Click Advertising, Digital Marketing Agency Bangalore, Digital marketing services company, Bangalore Digital Marketing, Best Digital Marketing Agency in Bangalore, Digital marketing services near me, digital marketing services provider, digital marketing services for small business"
Image,"https://digitaladworks.com/img/about-1.png - Digital marketing agency, Best digital marketing, Digital marketing services, SEO Services, Digital Strategy Consulting, Conversion Rate Optimization (CRO), E-commerce Marketing, Online Marketing Services, Content Marketing Agency, Search Engine Optimization, Online Reputation Repair, Pay-Per-Click Advertising, Digital Marketing Agency Bangalore, Digital marketing services company, Bangalore Digital Marketing, Best Digital Marketing Agency in Bangalore, Digital marketing services near me, digital marketing services provider, digital marketing services for small business"
Image,"https://digitaladworks.com/img/about-2.jpg - Digital marketing agency, Best digital marketing, Digital marketing services, SEO Services, Digital Strategy Consulting, Conversion Rate Optimization (CRO), E-commerce Marketing, Online Marketing Services, Content Marketing Agency, Search Engine Optimization, Online Reputation Repair, Pay-Per-Click Advertising, Digital Marketing Agency Bangalore, Digital marketing services company, Bangalore Digital Marketing, Best Digital Marketing Agency in Bangalore, Digital marketing services near me, digital marketing services provider, digital marketing services for small business"
Image,"https://digitaladworks.com/img/about-3.png - Digital marketing agency, Best digital marketing, Digital marketing services, SEO Services, Digital Strategy Consulting, Conversion Rate Optimization (CRO), E-commerce Marketing, Online Marketing Services, Content Marketing Agency, Search Engine Optimization, Online Reputation Repair, Pay-Per-Click Advertising, Digital Marketing Agency Bangalore, Digital marketing services company, Bangalore Digital Marketing, Best Digital Marketing Agency in Bangalore, Digital marketing services near me, digital marketing services provider, digital marketing services for small business"
Image,"https://digitaladworks.com/img/icons/title-icon.svg - Digital marketing agency, Best digital marketing, Digital marketing services, SEO Services, Digital Strategy Consulting, Conversion Rate Optimization (CRO), E-commerce Marketing, Online Marketing Services, Content Marketing Agency, Search Engine Optimization, Online Reputation Repair, Pay-Per-Click Advertising, Digital Marketing Agency Bangalore, Digital marketing services company, Bangalore Digital Marketing, Best Digital Marketing Agency in Bangalore, Digital marketing services near me, digital marketing services provider, digital marketing services for small business"
Image,"https://digitaladworks.com/img/icons/service-icon1.svg - Digital marketing agency, Best digital marketing, Digital marketing services, SEO Services, Digital Strategy Consulting, Conversion Rate Optimization (CRO), E-commerce Marketing, Online Marketing Services, Content Marketing Agency, Search Engine Optimization, Online Reputation Repair, Pay-Per-Click Advertising, Digital Marketing Agency Bangalore, Digital marketing services company, Bangalore Digital Marketing, Best Digital Marketing Agency in Bangalore, Digital marketing services near me, digital marketing services provider, digital marketing services for small business"
Image,"https://digitaladworks.com/img/service1.png - Digital marketing agency, Best digital marketing, Digital marketing services, SEO Services, Digital Strategy Consulting, Conversion Rate Optimization (CRO), E-commerce Marketing, Online Marketing Services, Content Marketing Agency, Search Engine Optimization, Online Reputation Repair, Pay-Per-Click Advertising, Digital Marketing Agency Bangalore, Digital marketing services company, Bangalore Digital Marketing, Best Digital Marketing Agency in Bangalore, Digital marketing services near me, digital marketing services provider, digital marketing services for small business"
Image,"https://digitaladworks.com/img/icons/service-icon2.svg - Digital marketing agency, Best digital marketing, Digital marketing services, SEO Services, Digital Strategy Consulting, Conversion Rate Optimization (CRO), E-commerce Marketing, Online Marketing Services, Content Marketing Agency, Search Engine Optimization, Online Reputation Repair, Pay-Per-Click Advertising, Digital Marketing Agency Bangalore, Digital marketing services company, Bangalore Digital Marketing, Best Digital Marketing Agency in Bangalore, Digital marketing services near me, digital marketing services provider, digital marketing services for small business"
Image,"https://digitaladworks.com/img/service2.png - Digital marketing agency, Best digital marketing, Digital marketing services, SEO Services, Digital Strategy Consulting, Conversion Rate Optimization (CRO), E-commerce Marketing, Online Marketing Services, Content Marketing Agency, Search Engine Optimization, Online Reputation Repair, Pay-Per-Click Advertising, Digital Marketing Agency Bangalore, Digital marketing services company, Bangalore Digital Marketing, Best Digital Marketing Agency in Bangalore, Digital marketing services near me, digital marketing services provider, digital marketing services for small business"
Image,"https://digitaladworks.com/img/icons/seo.svg - Digital marketing agency, Best digital marketing, Digital marketing services, SEO Services, Digital Strategy Consulting, Conversion Rate Optimization (CRO), E-commerce Marketing, Online Marketing Services, Content Marketing Agency, Search Engine Optimization, Online Reputation Repair, Pay-Per-Click Advertising, Digital Marketing Agency Bangalore, Digital marketing services company, Bangalore Digital Marketing, Best Digital Marketing Agency in Bangalore, Digital marketing services near me, digital marketing services provider, digital marketing services for small business"
Image,"https://digitaladworks.com/img/service3.png - Digital marketing agency, Best digital marketing, Digital marketing services, SEO Services, Digital Strategy Consulting, Conversion Rate Optimization (CRO), E-commerce Marketing, Online Marketing Services, Content Marketing Agency, Search Engine Optimization, Online Reputation Repair, Pay-Per-Click Advertising, Digital Marketing Agency Bangalore, Digital marketing services company, Bangalore Digital Marketing, Best Digital Marketing Agency in Bangalore, Digital marketing services near me, digital marketing services provider, digital marketing services for small business"
Image,"https://digitaladworks.com/img/icons/influencer-marketing.svg - Digital marketing agency, Best digital marketing, Digital marketing services, SEO Services, Digital Strategy Consulting, Conversion Rate Optimization (CRO), E-commerce Marketing, Online Marketing Services, Content Marketing Agency, Search Engine Optimization, Online Reputation Repair, Pay-Per-Click Advertising, Digital Marketing Agency Bangalore, Digital marketing services company, Bangalore Digital Marketing, Best Digital Marketing Agency in Bangalore, Digital marketing services near me, digital marketing services provider, digital marketing services for small business"
Image,"https://digitaladworks.com/img/influencer-marketing-services.png - Digital marketing agency, Best digital marketing, Digital marketing services, SEO Services, Digital Strategy Consulting, Conversion Rate Optimization (CRO), E-commerce Marketing, Online Marketing Services, Content Marketing Agency, Search Engine Optimization, Online Reputation Repair, Pay-Per-Click Advertising, Digital Marketing Agency Bangalore, Digital marketing services company, Bangalore Digital Marketing, Best Digital Marketing Agency in Bangalore, Digital marketing services near me, digital marketing services provider, digital marketing services for small business"
Image,"https://digitaladworks.com/img/icons/google-ads-management.svg - Digital marketing agency, Best digital marketing, Digital marketing services, SEO Services, Digital Strategy Consulting, Conversion Rate Optimization (CRO), E-commerce Marketing, Online Marketing Services, Content Marketing Agency, Search Engine Optimization, Online Reputation Repair, Pay-Per-Click Advertising, Digital Marketing Agency Bangalore, Digital marketing services company, Bangalore Digital Marketing, Best Digital Marketing Agency in Bangalore, Digital marketing services near me, digital marketing services provider, digital marketing services for small business"
Image,"https://digitaladworks.com/img/google-ads-expert-ppc-marketing-services.png - Digital marketing agency, Best digital marketing, Digital marketing services, SEO Services, Digital Strategy Consulting, Conversion Rate Optimization (CRO), E-commerce Marketing, Online Marketing Services, Content Marketing Agency, Search Engine Optimization, Online Reputation Repair, Pay-Per-Click Advertising, Digital Marketing Agency Bangalore, Digital marketing services company, Bangalore Digital Marketing, Best Digital Marketing Agency in Bangalore, Digital marketing services near me, digital marketing services provider, digital marketing services for small business"
Image,"https://digitaladworks.com/img/icons/meta-ads-facebook-ads-instagram-ads-management.svg - Digital marketing agency, Best digital marketing, Digital marketing services, SEO Services, Digital Strategy Consulting, Conversion Rate Optimization (CRO), E-commerce Marketing, Online Marketing Services, Content Marketing Agency, Search Engine Optimization, Online Reputation Repair, Pay-Per-Click Advertising, Digital Marketing Agency Bangalore, Digital marketing services company, Bangalore Digital Marketing, Best Digital Marketing Agency in Bangalore, Digital marketing services near me, digital marketing services provider, digital marketing services for small business"
Image,"https://digitaladworks.com/img/facebook-ads-instagram-ads-meta-ads.png - Digital marketing agency, Best digital marketing, Digital marketing services, SEO Services, Digital Strategy Consulting, Conversion Rate Optimization (CRO), E-commerce Marketing, Online Marketing Services, Content Marketing Agency, Search Engine Optimization, Online Reputation Repair, Pay-Per-Click Advertising, Digital Marketing Agency Bangalore, Digital marketing services company, Bangalore Digital Marketing, Best Digital Marketing Agency in Bangalore, Digital marketing services near me, digital marketing services provider, digital marketing services for small business"
Image,"https://digitaladworks.com/img/icons/social-media-management.svg - Digital marketing agency, Best digital marketing, Digital marketing services, SEO Services, Digital Strategy Consulting, Conversion Rate Optimization (CRO), E-commerce Marketing, Online Marketing Services, Content Marketing Agency, Search Engine Optimization, Online Reputation Repair, Pay-Per-Click Advertising, Digital Marketing Agency Bangalore, Digital marketing services company, Bangalore Digital Marketing, Best Digital Marketing Agency in Bangalore, Digital marketing services near me, digital marketing services provider, digital marketing services for small business"
Image,"https://digitaladworks.com/img/social-media-management-and-posting.png - Digital marketing agency, Best digital marketing, Digital marketing services, SEO Services, Digital Strategy Consulting, Conversion Rate Optimization (CRO), E-commerce Marketing, Online Marketing Services, Content Marketing Agency, Search Engine Optimization, Online Reputation Repair, Pay-Per-Click Advertising, Digital Marketing Agency Bangalore, Digital marketing services company, Bangalore Digital Marketing, Best Digital Marketing Agency in Bangalore, Digital marketing services near me, digital marketing services provider, digital marketing services for small business"
Image,"https://digitaladworks.com/img/icons/whatsapp-marketing-bulk-whatsapp-sender.svg - Digital marketing agency, Best digital marketing, Digital marketing services, SEO Services, Digital Strategy Consulting, Conversion Rate Optimization (CRO), E-commerce Marketing, Online Marketing Services, Content Marketing Agency, Search Engine Optimization, Online Reputation Repair, Pay-Per-Click Advertising, Digital Marketing Agency Bangalore, Digital marketing services company, Bangalore Digital Marketing, Best Digital Marketing Agency in Bangalore, Digital marketing services near me, digital marketing services provider, digital marketing services for small business"
Image,"https://digitaladworks.com/img/bulk-whatsapp-marketing-service.png - Digital marketing agency, Best digital marketing, Digital marketing services, SEO Services, Digital Strategy Consulting, Conversion Rate Optimization (CRO), E-commerce Marketing, Online Marketing Services, Content Marketing Agency, Search Engine Optimization, Online Reputation Repair, Pay-Per-Click Advertising, Digital Marketing Agency Bangalore, Digital marketing services company, Bangalore Digital Marketing, Best Digital Marketing Agency in Bangalore, Digital marketing services near me, digital marketing services provider, digital marketing services for small business"
Image,"https://digitaladworks.com/img/icons/title-icon-infinity.svg - Digital marketing agency, Best digital marketing, Digital marketing services, SEO Services, Digital Strategy Consulting, Conversion Rate Optimization (CRO), E-commerce Marketing, Online Marketing Services, Content Marketing Agency, Search Engine Optimization, Online Reputation Repair, Pay-Per-Click Advertising, Digital Marketing Agency Bangalore, Digital marketing services company, Bangalore Digital Marketing, Best Digital Marketing Agency in Bangalore, Digital marketing services near me, digital marketing services provider, digital marketing services for small business"
Image,"https://digitaladworks.com/img/digital-marketing-company-in-bangalore.png - Digital marketing agency, Best digital marketing, Digital marketing services, SEO Services, Digital Strategy Consulting, Conversion Rate Optimization (CRO), E-commerce Marketing, Online Marketing Services, Content Marketing Agency, Search Engine Optimization, Online Reputation Repair, Pay-Per-Click Advertising, Digital Marketing Agency Bangalore, Digital marketing services company, Bangalore Digital Marketing, Best Digital Marketing Agency in Bangalore, Digital marketing services near me, digital marketing services provider, digital marketing services for small business"
Image,"https://digitaladworks.com/img/icons/fun1.png - Digital marketing agency, Best digital marketing, Digital marketing services, SEO Services, Digital Strategy Consulting, Conversion Rate Optimization (CRO), E-commerce Marketing, Online Marketing Services, Content Marketing Agency, Search Engine Optimization, Online Reputation Repair, Pay-Per-Click Advertising, Digital Marketing Agency Bangalore, Digital marketing services company, Bangalore Digital Marketing, Best Digital Marketing Agency in Bangalore, Digital marketing services near me, digital marketing services provider, digital marketing services for small business"
Image,"https://digitaladworks.com/img/icons/fun2.png - Digital marketing agency, Best digital marketing, Digital marketing services, SEO Services, Digital Strategy Consulting, Conversion Rate Optimization (CRO), E-commerce Marketing, Online Marketing Services, Content Marketing Agency, Search Engine Optimization, Online Reputation Repair, Pay-Per-Click Advertising, Digital Marketing Agency Bangalore, Digital marketing services company, Bangalore Digital Marketing, Best Digital Marketing Agency in Bangalore, Digital marketing services near me, digital marketing services provider, digital marketing services for small business"
Image,"https://digitaladworks.com/img/icons/fun3.png - Digital marketing agency, Best digital marketing, Digital marketing services, SEO Services, Digital Strategy Consulting, Conversion Rate Optimization (CRO), E-commerce Marketing, Online Marketing Services, Content Marketing Agency, Search Engine Optimization, Online Reputation Repair, Pay-Per-Click Advertising, Digital Marketing Agency Bangalore, Digital marketing services company, Bangalore Digital Marketing, Best Digital Marketing Agency in Bangalore, Digital marketing services near me, digital marketing services provider, digital marketing services for small business"
Image,"https://digitaladworks.com/img/icons/title-icon-infinity.svg - Digital marketing agency, Best digital marketing, Digital marketing services, SEO Services, Digital Strategy Consulting, Conversion Rate Optimization (CRO), E-commerce Marketing, Online Marketing Services, Content Marketing Agency, Search Engine Optimization, Online Reputation Repair, Pay-Per-Click Advertising, Digital Marketing Agency Bangalore, Digital marketing services company, Bangalore Digital Marketing, Best Digital Marketing Agency in Bangalore, Digital marketing services near me, digital marketing services provider, digital marketing services for small business"
Image,"https://digitaladworks.com/img/icons/title-icon-infinity.svg - Digital marketing agency, Best digital marketing, Digital marketing services, SEO Services, Digital Strategy Consulting, Conversion Rate Optimization (CRO), E-commerce Marketing, Online Marketing Services, Content Marketing Agency, Search Engine Optimization, Online Reputation Repair, Pay-Per-Click Advertising, Digital Marketing Agency Bangalore, Digital marketing services company, Bangalore Digital Marketing, Best Digital Marketing Agency in Bangalore, Digital marketing services near me, digital marketing services provider, digital marketing services for small business"
Image,"https://digitaladworks.com/img/testi1.png - Digital marketing agency, Best digital marketing, Digital marketing services, SEO Services, Digital Strategy Consulting, Conversion Rate Optimization (CRO), E-commerce Marketing, Online Marketing Services, Content Marketing Agency, Search Engine Optimization, Online Reputation Repair, Pay-Per-Click Advertising, Digital Marketing Agency Bangalore, Digital marketing services company, Bangalore Digital Marketing, Best Digital Marketing Agency in Bangalore, Digital marketing services near me, digital marketing services provider, digital marketing services for small business"
Image,"https://digitaladworks.com/img/testi2.jpg - Digital marketing agency, Best digital marketing, Digital marketing services, SEO Services, Digital Strategy Consulting, Conversion Rate Optimization (CRO), E-commerce Marketing, Online Marketing Services, Content Marketing Agency, Search Engine Optimization, Online Reputation Repair, Pay-Per-Click Advertising, Digital Marketing Agency Bangalore, Digital marketing services company, Bangalore Digital Marketing, Best Digital Marketing Agency in Bangalore, Digital marketing services near me, digital marketing services provider, digital marketing services for small business"
Image,"https://digitaladworks.com/img/testi3.jpg - Digital marketing agency, Best digital marketing, Digital marketing services, SEO Services, Digital Strategy Consulting, Conversion Rate Optimization (CRO), E-commerce Marketing, Online Marketing Services, Content Marketing Agency, Search Engine Optimization, Online Reputation Repair, Pay-Per-Click Advertising, Digital Marketing Agency Bangalore, Digital marketing services company, Bangalore Digital Marketing, Best Digital Marketing Agency in Bangalore, Digital marketing services near me, digital marketing services provider, digital marketing services for small business"
Image,"https://digitaladworks.com/img/testi4.jpg - Digital marketing agency, Best digital marketing, Digital marketing services, SEO Services, Digital Strategy Consulting, Conversion Rate Optimization (CRO), E-commerce Marketing, Online Marketing Services, Content Marketing Agency, Search Engine Optimization, Online Reputation Repair, Pay-Per-Click Advertising, Digital Marketing Agency Bangalore, Digital marketing services company, Bangalore Digital Marketing, Best Digital Marketing Agency in Bangalore, Digital marketing services near me, digital marketing services provider, digital marketing services for small business"
Image,"https://digitaladworks.com/img/testi5.jpg - Digital marketing agency, Best digital marketing, Digital marketing services, SEO Services, Digital Strategy Consulting, Conversion Rate Optimization (CRO), E-commerce Marketing, Online Marketing Services, Content Marketing Agency, Search Engine Optimization, Online Reputation Repair, Pay-Per-Click Advertising, Digital Marketing Agency Bangalore, Digital marketing services company, Bangalore Digital Marketing, Best Digital Marketing Agency in Bangalore, Digital marketing services near me, digital marketing services provider, digital marketing services for small business"
Image,"https://digitaladworks.com/img/testi6.jpg - Digital marketing agency, Best digital marketing, Digital marketing services, SEO Services, Digital Strategy Consulting, Conversion Rate Optimization (CRO), E-commerce Marketing, Online Marketing Services, Content Marketing Agency, Search Engine Optimization, Online Reputation Repair, Pay-Per-Click Advertising, Digital Marketing Agency Bangalore, Digital marketing services company, Bangalore Digital Marketing, Best Digital Marketing Agency in Bangalore, Digital marketing services near me, digital marketing services provider, digital marketing services for small business"
Image,"https://digitaladworks.com/img/testi7.jpg - Digital marketing agency, Best digital marketing, Digital marketing services, SEO Services, Digital Strategy Consulting, Conversion Rate Optimization (CRO), E-commerce Marketing, Online Marketing Services, Content Marketing Agency, Search Engine Optimization, Online Reputation Repair, Pay-Per-Click Advertising, Digital Marketing Agency Bangalore, Digital marketing services company, Bangalore Digital Marketing, Best Digital Marketing Agency in Bangalore, Digital marketing services near me, digital marketing services provider, digital marketing services for small business"
Image,"https://digitaladworks.com/img/icons/title-icon-infinity.svg - Digital marketing agency, Best digital marketing, Digital marketing services, SEO Services, Digital Strategy Consulting, Conversion Rate Optimization (CRO), E-commerce Marketing, Online Marketing Services, Content Marketing Agency, Search Engine Optimization, Online Reputation Repair, Pay-Per-Click Advertising, Digital Marketing Agency Bangalore, Digital marketing services company, Bangalore Digital Marketing, Best Digital Marketing Agency in Bangalore, Digital marketing services near me, digital marketing services provider, digital marketing services for small business"
Image,"https://digitaladworks.com/..//img/wt.png - No alt attribute"
Image,"https://digitaladworks.com/..//img/call.png - No alt attribute"
